Job Title,Company,Location
Junior Data Analyst,New,PSA Halifax
Junior Data Analyst (AI Insights),Wildfire Robotics,"Hybrid work in Saskatoon, SK"
Senior Business Analyst ( Business Intelligence) - Term to Sep 2025,Vancouver Airport Authority,N/A
Logistics Analyst,Raise,N/A
Data Analyst - reporting specialist,New,Aplin
Business Analyst,New,Confidential
Data Analyst - Production,IEM Canada,N/A
Junior Business Analyst,New,Powerex
Data Analyst,Mindshare,"Toronto, ON"
Associate Paid Media Analyst - 19176,New,The Headhunters
"Manager, Data Visualization & Analytics",New,Pengcorp Ltd.
Data Analyst,Export Packers,"Hybrid work in Brampton, ON L6T 5K5"
Junior Data Analyst,CPG Incorporated,"Leamington, ON N8H 5H7"
Business Analyst/Billing Supervisor,Resolution Staffing Inc,"Cobourg, ON"
Inventory & Quota System Analyst,Egg Farmers of Ontario,"Mississauga, ON L5N 4H1"
Statistical Data Analyst,York Region,"Hybrid work in Newmarket, ON"
Associate Data Analyst,Element Fleet Management,"Toronto, ON"
Data Analyst,LatentView Analytics,"Toronto, ON"
Data Analyst,CloudMD Software & Services Inc - CAN,"Mississauga, ON L4W 4P4"
DEVELOPER / DATA ANALYST,AXIS Database Marketing,"Mississauga, ON"
Data Analyst & Project Planner Intern,Ericsson,"Mississauga, ON"
"Data & Reporting Analyst, Master Data Services",Gay Lea Foods,"Mississauga, ON L4W 5B4"
Data Analyst,Highline Mushrooms,"Leamington, ON"
Sustainability Data Analyst,Sun Life,"Hybrid work in Waterloo, ON"
"Data Analyst, Student Success",University of Toronto,"Hybrid work in Toronto, ON"
Data Analyst,Samsung Electronics,"Vancouver, BC"
Transportation Data Analyst,Metro,"Etobicoke, ON"
Computer Systems Analyst,Winscar Transport Inc,"Mississauga, ON L4V 1J8"
Business Data Analyst,RideCo,"Hybrid work in Waterloo, ON N2J 4P9"
ERP Data Analyst,Piller's Fine Foods,"Waterloo, ON N2K 2K6"
Data Analyst,Irving Tissue,"Toronto, ON"
Performance Analyst - CUPE ESC,Ontario Health,"Hybrid work in Hamilton, ON"
Data Analyst,Fortinet,"Burnaby, BC V5C 6C6"
"Data Analyst- Surgical Program, Thoracic Surgery",Southlake Regional Health Centre,"Newmarket, ON L3Y 2P9"
Sr. Data Engineer-Analyst (Contract),New,Tier One Analytics (Canada) Inc
Senior Data Analyst,Aviva,"Hybrid work in Markham, ON"
Data Analyst,AppLovin,"Toronto, ON"
Data Analyst,University of Toronto,"Toronto, ON"
Data Visualization Analyst,Fidelity Investments,"Toronto, ON"
Functional Data and Reporting Analyst,University of Alberta,"Hybrid work in Edmonton, AB T6G 2B7"
Data & Analytics - Senior Data Analyst,Aritzia,"New Westminster, BC"
Business Data Analyst,Martin Brower,"Mississauga, ON"
Data Analyst/Data Scientist,Vital Biosciences Inc.,"Oakville, ON"
Insights Analyst,Home Hardware Stores Limited,"Hybrid work in St. Jacobs, ON"
Data Analyst / Business Intelligence Analyst (with a tech company),Pleasant Solutions,N/A
PURCHASING ANALYST,Groupe Leclerc,"Saint-Augustin-de-Desmaures, QC"
Data & Systems Analyst,Banyan Community Services,"Hamilton, ON L8V 1M1"
Data Platform Analyst,De Havilland,"Calgary, AB"
Data Analyst - Global Markets and Equities,DRW,"Montréal, QC H3G 2W4"
Data Analyst,REW,"Vancouver, BC"
Data Analyst,Alberta Machine Intelligence Institute,"Hybrid work in Edmonton, AB T5J 3B1"
Jr. Supply Chain Analyst,TJP Labs Inc.,"Pickering, ON L1W 3L7"
Research Data Analyst Spine Surgery Rsrch Group,Unity Health Toronto,"Toronto, ON"
Data Scientist / Analyst- Canada- Remote Opportunity,Exadel Inc,"Remote in Toronto, ON"
Intermediate Data Analyst,BC Transit,"Victoria, BC V8W 9T5"
Reporting & Data Analyst,MVR Digital,Remote in Nunavut
Registered Behaviour Analyst (RBA)- Specialized Clinical Services,TalentSphere Staffing Solutions,N/A
"Staff Data Analyst, Core Experience",TextNow,Remote
Junior Data Analyst,Play MPE,"Hybrid work in Vancouver, BC V6G 2V3"
Junior Business Analyst - Winnipeg or Steinbach,Steinbach Credit Union,"Winnipeg, MB"
Data Analyst,RocketRez Inc,"Winnipeg, MB"
"Data Conversion Analyst, HIS",William Osler Health System,"Hybrid work in Brampton, ON L6R 3J7"
Senior Data Analyst,Wave HQ,Remote
Data & Reporting Analyst,Co-operators General Insurance Company,"Hybrid work in Guelph, ON"
Senior Data Analyst,Hard Rock Digital,"Hybrid work in Toronto, ON"
Data Analyst – Advanced Analytics and Google Analytics,Monzek Consulting,"Hybrid work in Toronto, ON M5V 1R5"
Data Analyst / Consultant (Fire / EMS),Darkhorse Emergency,"Remote in Edmonton, AB"
Data Analyst,Atlantis IT group,"Toronto, ON"
IT Senior Analyst,Manulife,"Toronto, ON M4W 1E5"
BI Analyst,COREL CORPORATION USA,Remote in Canada
Data Scientist / Analyst- Canada- Remote Opportunity,Exadel,Remote in Canada
database analyst,Belief Tech Development,"Kitchener, ON N2G 2L3"
Data analyst,iA Groupe financier / iA Financial Group,"Quebec City, QC"
Jr Operations Analyst,IVARI,"Toronto, ON"
Data Scientist / Analyst,Zenduit Inc,"Mississauga, ON"
Business Analyst - Regional Home & Community Care/Primary Health Care/Regional Care Integration,Fraser Health,"New Westminster, BC V3L 3B9"
Data Analyst (DAD/NACRS Coder) - Decision Support - Regular Full-Time 2025-11812,Sunnybrook Health Sciences Centre,"Toronto, ON"
Sr. Data Analyst,Microsoft,"Vancouver, BC"
"Summer Intern Analyst, Asset Management",Greybrook,"Toronto, ON M4W 3P4"
business data analyst,PluraChoice,"Calgary, AB T2Y 4J8"
Senior Data Analyst,Best Buy,"Vancouver, BC V5Y 1L3"
Business Analyst,Rival Insurance Technology,"Vancouver, BC"
Data & Systems Analyst,Aecon Group,"Toronto, ON"
database analyst,Canada Resurgence Developments Ltd.,"Hybrid work in Terrace, BC V8G 1C3"
Business Analyst,Cloudtrend Inc.,"Edmonton, AB"
Data Warehouse Analyst,Zero11,"Abbotsford, BC V2S 2A6"
Operations Analyst,Charger Logistics Inc,"Woodstock, ON"
Business Analyst,Shodh Consulting Services,"Remote in Mississauga, ON"
ATB 101 - Data Analyst Student (Internal Assurance),ATB Financial,"Calgary, AB"
Senior Data Analyst,Maple,"Hybrid work in Toronto, ON"
Business Analyst (POS System Focus),Bulk Barn,"Aurora, ON"
Data Analyst,Nuclear Promise X,"Kincardine, ON"
Sustainability Data Analyst - Co-op Student,NAV Canada,"Hybrid work in Ottawa, ON"
business data analyst,Tecqify Solutions Inc,"Abbotsford, BC V2T 4S6"
business data analyst,IRIS R&D Group Inc.,"Burlington, ON L7L 6W6"
"Sr. Data Analyst, Sales and Operations",Sagen,"Hybrid work in Oakville, ON"
"Analyst, Open Banking - Summer 2025",CIBC,"Hybrid work in Toronto, ON"
Reporting Specialist / Data Analyst,PartnerRe,"Hybrid work in Toronto, ON M5J 2N7"
Business Analyst,JDI IT,"Dieppe, NB"
Data Analyst (Contract),Bayshore HealthCare,"Mississauga, ON"
IT Data Analyst & MDM,Pro-Western Mechanical,"Saskatoon, SK"
Data Analyst - Maintenance and Operations,Ameresco,"Calgary, AB T2E 7H7"
Data and Reporting Analyst Co-op/Intern,NOKIA,Canada
Data Analyst - Product Analytics,Epic Games,"Montréal, QC"
Senior Data Analyst,Luxoft,"Toronto, ON"
"Data Analyst, Business Intelligence",Bell,"Toronto, ON M5G 1E6"
"Business Analyst, SQL and Google Cloud",TELUS,Remote
Business Data Analyst - Canada,AEM-FTS,Remote in British Columbia
Sr. Data Analyst,407 ETR,"Woodbridge, ON"
Data Analyst Student,County of Lambton,"Sarnia, ON N7T 7W5"
Data & Business Analyst,BBE Expediting Ltd,"Edmonton International Airport, AB"
Business Intelligence & Analytics Student,PCL Construction,"Edmonton, AB T6E 5L7"
Data Analyst and Solution Developer,INLAN,"Montréal, QC"
Junior Data Engineering Analyst- C11 - MISSISSAUGA - Hybrid,Citi,"Mississauga, ON L5R 0B8"
"Business Analyst, Ontario Woodlands",Domtar,"Thunder Bay, ON P7E 6S3"
Data Analyst - Translating Research in Elder Care (TREC),University of Alberta,"Edmonton, AB T6G 2B7"
Data Manager and Analyst,BC Aboriginal Child Care Society,"Hybrid work in West Vancouver, BC V7T 1A2"
Data Insights Analyst,Marsham International Food Brokers,"Hybrid work in Toronto, ON"
"Senior Data Analyst, Advanced Analytics - Customer",SSENSE,"Hybrid work in Toronto, ON"
Business Analyst - Data Science,Spring Financial Inc.,"Vancouver, BC V6B 0B9"
Investigation Analyst (Dental),Manulife,"Hybrid work in Waterloo, ON"
"Sr. Data Engineering Analyst, Data Management",Loblaw,"Brampton, ON"
Strategy & Insights Analyst,Avana Developments Inc.,"Regina, SK"
Capabilities and Insights Analyst - PriceMetrix,McKinsey & Company,"Toronto, ON"
Data Quality Analyst (temporary role),Standard Biotools,"Markham, ON"
Operations Analyst - Canada Central Operations,CLEAResult,"Toronto, ON"
Operation Analyst- Intern,Hello Pets Inc.,"Hybrid work in North York, ON M2N 1M8"
Customer Experience & Workforce Data Analyst,Tonal,"Hybrid work in Toronto, ON"
OPERATIONS ANALYST,Green Shield,"Toronto, ON M2N 6L7"
"Senior Data Analyst, Investigations",CIRO / OCRI,"Hybrid work in Toronto, ON"
Operations Analyst,T&T Power Group,"Hybrid work in Wellesley, ON"
Senior Business Analyst - Healthcare,Mariner Innovations,Remote in Nova Scotia
Data Analytics Senior Analyst,Citi,"Mississauga, ON L5R 0B8"
New Business Intake Analyst (entry level role in Global team),Dentons,Remote
data analyst - informatics and systems,Zgemi Inc.,"Brampton, ON L6T 4Y9"
"Business Analyst, Data Analytics & Delivery (12 month contract)",OMERS,"Hybrid work in Toronto, ON"
"Student, BI/Data Analyst - Hybrid",Alberta Energy Regulator,"Hybrid work in Calgary, AB"
artificial intelligence (AI) analyst,JAAJ Consultancy Services Inc.,"Milton, ON"
Business Insight Analyst,Air Canada,"Toronto, ON"
Data Analyst,Intact,"Hybrid work in Montréal, QC H3B 4C9"
Data Analyst - AWS & ETL & Python,Atlantis IT group,"Hybrid work in Tottenham, ON"
Data Analyst - EA SPORTS FC,Electronic Arts,"Vancouver, BC"
Analyst - Pricing Strategy,Staples,"Hybrid work in Richmond Hill, ON"
"Analyst Intern, Innovation CoE (Strategy & Operations) - Summer 2025 - Toronto",Deloitte,"Hybrid work in Toronto, ON M5H 0A9"
Application Analyst,City of Prince Albert,"Prince Albert, SK"
"Analyst II, Go-To-Market Operations & Analytics",Affirm,"Remote in Toronto, ON"
Market Research Analyst,Vosyn,Remote
Evergreen - Business Analyst - Winnipeg (Remote for Winnipeg),Togetherwork Talent Community,"Remote in Winnipeg, MB"
Senior Campaign Data Analyst,BMO Financial Group,"Toronto, ON M8X 1C4"
data analyst - informatics and systems,Ottawa Tekky Talks,"Gloucester, ON K1J 9L3"
Senior Data Analyst,Olsen Consulting,"Calgary, AB"
Senior Data Analyst,Build Measure Learn Sweden AB,"Engineer, BC"
Data Analyst Student/intern - Summer 2025,Irving JDI IT,"Saint John, NB"
Artificial Intelligence Analyst,Mevotech,"North York, ON"
Benefits Data Analyst (Hybrid),Irving Oil,"Hybrid work in Saint John, NB"
Marketing and Logistics Analyst - New Grad,Keyera,"Calgary, AB"
Data Operations Analyst,Chainlink Labs,Remote
Chief Data Analyst,National Bank of Canada,"Hybrid work in Montréal, QC"
investment analyst,Green Square Research,"North York, ON"
Senior Business/Data Analyst,MUFG Canada,"Toronto, ON"
"Intern, Data Visualization (Summer 2025)",Bombardier,"Dorval, QC H4S 2A3"
Research Analyst - Brain Health Imaging Centre,Centre for Addiction and Mental Health,"Toronto, ON M5T 1R8"
Corporate Strategy Analyst,Allstate,"Hybrid work in Markham, ON L3R 5P8"
Business Analyst,AESO,"Hybrid work in Calgary, AB"
Business Analyst,Avison Young Canada,"Toronto, ON M5J 2W4"
Securities Data Analyst (18-month contract),Royal Bank of Canada,"Halifax, NS B2W 3E6"
Data Analyst (ERP),Irving JDI IT,"Dartmouth, NS"
Junior Data and Operations Analyst,Encore Market Engagement,"Hybrid work in Oakville, ON"
Business Analyst,Supernova Technology,"Toronto, ON"
business systems analyst,SK Security Services,"Winnipeg, MB R3P 1H7"
Data Quality Analyst,Peterborough Regional Health Centre,"Peterborough, ON K9J 7C6"
Electronic Data Interchange (EDI) Analyst,Golden Valley Foods LTD.,"Calgary, AB"
Senior Analyst - Supply Chain Analytics,Staples,"Hybrid work in Richmond Hill, ON"
Business Analyst (CFA/FRM/PRM) - Contract Role,Bonafide Info Systems Inc.,"Hybrid work in Mississauga, ON L5R 3G5"
Business Analyst,CSI Consulting,"Mississauga, ON"
Supplier Data Intelligence Analyst (1 Year Term) New Grads welcome!,Assent,"Hybrid work in Ottawa, ON"
Data Engineering Analyst,Sanofi,"Hybrid work in Toronto, ON"
business data analyst,Six side Logistics,"Mississauga, ON L4T 3X2"
Business Analyst,Kensington,Remote
Sourcing Analyst,"Endries International, Inc","Cambridge, ON N1T 1B9"
Research Analyst (New Grads 2024/2025),Info-Tech Research Group Inc. - Canada,"London, ON N6A 2N8"
Data Analyst - Hybrid,"McAfee, LLC",Canada
Senior Data Quality Analyst,Royal Bank of Canada,"Halifax, NS B2W 3E6"
Supply Chain Analyst,"Techtronic Industries Canada, Inc.","Toronto, ON"
"Senior Analyst, HHR Data",Ontario Health,"Hybrid work in Toronto, ON"
"Quant Analyst, Portfolio Analytics (12 Month Contract)",OMERS,"Toronto, ON"
Sr Research Data Analyst (Agriculture),Nutrien,"Saskatoon, SK S7N 4L8"
Insurance Business Analyst,Cognition+,"Remote in London, ON"
database analyst,Skynet Wireless Inc,"Langley, BC V3A 4G3"
Analytics Analyst,PCL Construction,"Edmonton, AB T6E 5L7"
"Analyst Intern, Innovation CoE (IT) - Summer 2025 - Toronto",Deloitte,"Hybrid work in Toronto, ON M5H 0A9"
"Business Analyst, Professional Practice",Fraser Health,"Surrey, BC V3V 1Z2"
Commercial Operations Analyst,pharma& US Inc,Remote in Canada
Business Intelligence Analyst,"Maximus Services, LLC","Hybrid work in Toronto, ON"
"analyst, database",BDP Office Services LP,"Calgary, AB"
"Senior Associate, Data Analyst",Capital One,"Hybrid work in Toronto, ON"
Consumer Insights Data Analyst,Compass Group,"Mississauga, ON"
Risk Analyst (ePayment Fraud),Plusgrade,"Hybrid work in Toronto, ON"
Business Systems Analyst,University of Waterloo,"Waterloo, ON N2L 3G1"
Business Analyst - M&A Strategy,Software International,"Remote in Mississauga, ON"
"Technical Data Analyst, Blockchain",Chainlink Labs,Remote
Business Analyst,Parrish and Heimbecker,"Cambridge, ON"
"Data Security Analyst - Data Encryption, Monitoring, Security Tools, TOAD",AstraNorth,"Hybrid work in Toronto, ON"
Junior Business Analyst (Summer Student),FirstOntario Credit Union,"Hamilton, ON L8R 1A2"
Junior Reporting Analyst,Smiles First Corporation,"Richmond Hill, ON L4B 2N5"
Business Systems Analyst,Pure Sunfarms,"Delta, BC"
Business Analyst,Banff Centre for Arts and Creativity,"Hybrid work in Banff, AB"
Business Analyst III,"ZEMA Global Data US, LLC","Hybrid work in Richmond, BC V7C 4R9"
data analyst - informatics and systems,sigilquest solutions inc,"Brampton, ON"
Business Intelligence Analyst,OpenCircle Association,"Edmonton, AB T5L 4H5"
Business Systems Analyst,Accenture,"Toronto, ON"
Data Analyst,InSync,"Regina, SK"
Senior Analyst,EPCOR,"Edmonton, AB"
Senior Quantitative Analyst,BMO Financial Group,"Toronto, ON M8X 1C4"
Energy Data Analyst,Ameresco,"Calgary, AB T2E 7H7"
"Analyst, Advisory (Real Estate Data Science Analyst)",Verifino GmbH & Co. KG,"Toronto, ON"
database analyst,Burnaby Digital Media Inc,"Regina, SK S4P 0J3"
database analyst,AM PM Convenience Store,"Edmonton, AB T6H 5T5"
data analyst - informatics and systems,Visual Information Products Inc.,"Mississauga, ON L4T 1G3"
Incentive Analyst,J.D. Power,"Remote in London, ON"
Laboratory Analyst,Ventura Environmental and Consulting Ltd.,"Hybrid work in Surrey, BC V3V 1K9"
Data Analyst - Marketing,SOL Skin Esthetics Spa,"Mississauga, ON L5H 1G1"
Business Analyst for Metal,BMO Financial Group,"Toronto, ON M8X 1C4"
Pricing Analyst,ATS Corporation,"Hybrid work in Cambridge, ON"
"DATA QUALITY ANALYST, TFT",Niagara Health System,"St. Catharines, ON L2S 0A9"
Senior Data and Business Analyst,Semtech,"Hybrid work in Richmond, BC V6V 3A4"
business systems analyst,BDFK LOGISTICS LTD,"London, ON"
Senior Data Analyst,Teranet,"Toronto, ON"
Business System Analyst (Contract),Electric Mind,"Hybrid work in Toronto, ON"
Data & Analytics - Senior Data Visualization Engineer,Aritzia,"New Westminster, BC"
Marketing Science Analyst,Lululemon,"Hybrid work in Vancouver, BC"
Business Systems Analyst,Royal Bank of Canada,"Hybrid work in Mississauga, ON L5C 1E4"
Data Analyst,Nova Vacation Homes,"Richmond Hill, ON L4B 4W5"
TD Data Centre IT Operations Analyst,TD Bank,"Barrie, ON"
Business Analyst with EDI,SYENERGY DATA INC,"Toronto, ON"
Business Systems Analyst,Joe Johnson Equipment Innisfil,"Innisfil, ON L9S 3V6"
Supply Chain Data Analyst - Co-op,Loblaw,"Hybrid work in Brampton, ON"
Senior Analyst - Business Intelligence,Ontario Health atHome,"Hybrid work in Etobicoke, ON"
QA Analyst,Optel Group,"Quebec City, QC G1P 4S6"
business systems analyst,Big Fresh,"Richmond, BC V6X 2T1"
Business Intelligence,Groupe 3DM,"Pointe-Claire, QC H9R 5W5"
business systems analyst,MGK INFO TECH INC,"Hamilton, ON L8L 3C7"
business systems analyst,AWKIC Technology Inc.,"Mississauga, ON L5N 6J5"
Business Systems Analyst,TMX Group Limited,"Toronto, ON"
Investment Analyst,Manulife,"Toronto, ON M4W 1E5"
Data Analyst - Automotive Engineer,Syntronic,"Waterloo, ON"
Senior Data Analyst,RouteThis,"Hybrid work in Toronto, ON"
AI Business Analyst,Chubb,"Toronto, ON M5L 1E2"
Operational Risk Analyst Intern - Summer 2025,Albourne,"Toronto, ON"
Network Analyst 3,Surrey Police Service,"Surrey, BC"
Data Management Analyst,PBC Solutions,"Saanichton, BC V8M 2A5"
Senior Business Intelligence Analyst,TD Bank,"Toronto, ON"
Business Analyst,Ontario Mutuals,"Hybrid work in Ayr, ON"
Business Analyst,SmartTrade,"Hybrid work in Toronto, ON M5H 2K1"
Policy Analyst,Metro Vancouver,"Burnaby, BC"
Senior Business Analyst (Remote),Avenu Insights & Analytics,Remote in Canada
"Co-op, Strategic Insights Analyst, Summer 2025",Loblaw,"Hybrid work in Brampton, ON"
Business Systems Support Analyst,District of North Vancouver,"North Vancouver, BC"
Business Systems Analyst,Pure Sunfarms Corporation,"Delta, BC"
"Senior Analyst, Data Strategy & Analytics (Pharma Account)",Kepler Group,"Hybrid work in Toronto, ON"
Client Data and Reporting Analyst,The Maples Group (Financial Services),"Montréal, QC"
Functional Analyst,Medavie Blue Cross,Hybrid work in New Brunswick
Business Analyst II,Metro Vancouver,"Burnaby, BC"
HRIS Analyst,Brandt,"Regina, SK S4P 3A1"
Intermediate Product Performance Analyst,"Garmin International, Inc.","Hybrid work in Cochrane, AB"
"Intern Analyst, Asset Management","Connor, Clark & Lunn Financial Group","Hybrid work in Toronto, ON M5X 1C8"
BI Engineer/Senior Data Analyst,Capital Consultancy,Remote
Sr. Business Intelligence (BI) Specialist,Interac Corp.,"Toronto, ON"
Business Analyst,City of Calgary,"Calgary, AB"
Business Systems Analyst,Smile Digital Health,Remote
Business Systems Technical Analyst,Laura Canada,"Laval, QC H7L 3W2"
Business Systems Analyst - (Hybrid - Toronto),CAPCO,"Toronto, ON"
BI Developer (Tableau),Krissilas Group Inc,"Hybrid work in Toronto, ON"
Strategic Systems Analyst II,City of Edmonton,"Edmonton, AB"
BUSINESS SYSTEMS ANALYST (III),McMaster University,"Hybrid work in Hamilton, ON L8S 4S4"
DATA ANALYST,DB Conseils(DBC),"Montréal, QC"
Nuclear Reactor Analyst,McMaster University,"Hybrid work in Hamilton, ON L8S 4S4"
Database Analyst,Aarwiz International Inc.,"Brampton, ON L7A 2L5"
Business Systems Analyst,Kal Tire,"Vernon, BC V1T 6N6"
"Analyst, International Real Estate Valuation",Verifino GmbH & Co. KG,"Hybrid work in Winnipeg, MB"
Business Systems Analyst (Home Health Apps) - Full-time,VON Canada,"Toronto, ON M9P 3V4"
Research Information Analyst,University of Regina,"Regina, SK"
Agri-Data Analyst Program Evaluator,Innivec,"Vancouver, BC V6A 4C1"
Summer Business Insights Analyst - Claims,Allstate,Remote in Ontario
Senior Business Insights Analyst,TD Bank,"Toronto, ON"
Business Analyst,Accuenergy (Canada) Inc.,"Scarborough, ON M1L 2H6"
Supply Chain Analyst,PWO Canada Inc,"Kitchener, ON"
Business Systems Analyst,TMX,"Toronto, ON"
Business Development Analyst,General Bank of Canada,"Edmonton, AB T5K 0J8"
Senior Data Analyst,Zynga,"Toronto, ON M5V 3G6"
Senior Business Analyst,CIBC,"Toronto, ON"
data analyst - informatics and systems,Colours of Punjabi Event Organization Inc.,"Surrey, BC V3W 1N6"
"Business Analyst, Senior",Equitable CA,"Hybrid work in Waterloo, ON"
Research Data Analyst (SRI) - Evaluative Clinical Sciences - Regular Full-time 2024-10713,Sunnybrook Health Sciences Centre,"Toronto, ON"
EDP (electronic data processing) systems analyst,STAR CHOICE FINANCIAL GROUP INC.,"North York, ON M2J 4R4"
Lead Data Analyst,Morningstar,"Hybrid work in Toronto, ON"
Supply Chain Analyst,Techo-Bloc,"Ayr, ON"
Business Analyst,Irving Business Services,"Saint John, NB"
Agile Business Analyst,Primesoftinc,"Toronto, ON M5V 2H2"
Demand Planning Analyst,Motorola Solutions,"Richmond, BC V6V 2L5"
"ATB 101 - Business Analyst Student, EFS Business Analytics",ATB Financial,"Calgary, AB"
Business Systems Analyst FCC,Fidelity Investments,"Toronto, ON"
Data Management Analyst,"Osler, Hoskin & Harcourt LLP","Hybrid work in Ottawa, ON K1P 1J9"
Sales Business Analyst,Conestoga Meat Packers Ltd.,"Breslau, ON N0B 1M0"
"BUSINESS SYSTEMS ANALYST, ERP AND EDI",SureWerx,"Hybrid work in Coquitlam, BC"
"Research Associate, Data Analyst, Surgery",The University of Calgary,"Calgary, AB T2N 4N1"
ATB 101 - Credit Risk Analyst Student,ATB Financial,"Edmonton, AB T5J 0N3"
Business Development Analyst,Terramera,"Vancouver, BC V5Y 1K3"
Agri-Data Analyst SME/PE,Innivec,"Vancouver, BC"
Business Operations Analyst,Imperial Manufacturing,"Dieppe, NB E1A 6V9"
Business Analyst - Website & Spring App Flow,Spring Financial Inc.,"Vancouver, BC V6B 0B9"
business systems analyst,Rubinza Inc.,"Richmond Hill, ON L4C 3B5"
Data Governance and Business Intelligence Analyst (15 month contract),BC Maritime Employers Association,"Vancouver, BC"
"Analyst, Data valorization",Desjardins,"Hybrid work in Montréal, QC"
"Analyst, Retail Portfolio Operations","Connor, Clark & Lunn Financial Group","Hybrid work in Vancouver, BC"
Senior Business Analyst,Saxxunderwear,"Vancouver, BC"
"Analyst, Physical Threat Intelligence - Corporate Security",Scotiabank,"Toronto, ON"
BI & Data Visualization Developer,"McAfee, LLC",Canada
ATB 101 - Data Analyst Student (Credit Risk),ATB Financial,"Edmonton, AB T5J 0N3"
"Analyst, Data Management (18-month temporary)",Teck,"Calgary, AB"
Data Analyst & BI Specialist,uniuni,"Vancouver, BC"
RQ06224 - Business Intelligence Specialist - Senior,Teacup Tech Systems Inc,"Toronto, ON"
Business Analyst II - Data Migration,B.C. College of Nurses and Midwives,"Hybrid work in Vancouver, BC V6C 1S4"
business systems analyst,OTT Financial Inc.,"North York, ON M3C 2K5"
BUSINESS ANALYST,Softline Technology,"Hybrid work in Toronto, ON"
Sales Analyst,DP World,"Toronto, ON"
"Analyst, Business Systems",Bank of Canada,"Hybrid work in Montréal, QC"
Systems Analyst,Itexpertus,"North Bay, ON"
Building Automation System Analyst,University of Toronto,"Toronto, ON"
Business Analyst,"McAfee, LLC",Remote in Canada
"Specialist, Data Analytics Engineering - Business Intelligence Data Analytics (Hybrid)",Scotiabank,"Hybrid work in Toronto, ON M1L 4S2"
SENIOR BUSINESS & SYSTEMS ANALYST,City of Toronto,"Toronto, ON"
Business Analyst,iA Groupe financier / iA Financial Group,"Quebec City, QC"
Senior Operations Analyst,Manulife,"Waterloo, ON"
Data Analyst / Analyste de données,FlightHub,"Montréal, QC"
Operations Analyst,Grainger,"Edmonton, AB T5M 3Z2"
"Business Analyst, IT",Canaccord Genuity Corp.,"Hybrid work in Vancouver, BC"
"Senior Data Analyst, Digital Office",EDC,"Hybrid work in Montréal, QC"
"Business Analyst, Frontline App and Digital Co-Op (8 Months)",CIBC,"Hybrid work in Toronto, ON"
Business Analyst - Masters Level Internship,Vosyn,"Remote in Etobicoke, ON"
RMS System Analyst,Mewar Info Tech Limited,Remote
Database Analyst Advisory,Scotiabank,"Hybrid work in Toronto, ON M1L 4S2"
Clinical Business Analyst,SE Health,"Markham, ON"
Risk and Compliance Analyst,Yamaha Motor,"Toronto, ON"
Junior Quality Assurance and Application Support Analyst (Summer Student),FirstOntario Credit Union,"Hamilton, ON L8E 5P5"
Sourcing Analyst,Endries International Canada Inc.,"Cambridge, ON N1T 1B9"
Senior Data Analyst,Intact,"Hybrid work in Montréal, QC H3B 4C9"
business systems analyst,Infoblox Canada Ltd.,"Burnaby, BC V5H 4M2"
"Analyst, Business Insights and Reporting (Part-time)",Vancouver City Savings Credit Union,"Hybrid work in Vancouver, BC V6A 4G2"
Analyst Business Systems - 9-month contract,Sobeys,"Hybrid work in Mississauga, ON L4W 0C7"
QA Analyst (Automation),Realign LLC,"Vancouver, BC"
Business Analyst - Summer Student,Loblaw,"Hybrid work in Winnipeg, MB R3E 2T4"
Data Migration Analyst,Accenture,"Remote in Regina, SK"
sales analyst,Miniso,"Edmonton, AB T5C 3C8"
"Business Data Analyst, Product",EXL Services,"Toronto, ON"
data warehouse analyst,TOMATO PRODUCE,"Scarborough, ON"
Senior Data Solution Analyst,Sobeys,"Hybrid work in Mississauga, ON L4W 0C7"
SR Analyst Customer Insight & Field Support,The Canada Life Assurance Company,"Hybrid work in Winnipeg, MB"
Project Analyst,Type One Energy,"Vancouver, BC V6E 2R9"
BUSINESS SYSTEM ANALYST,Atlantis IT group,"Toronto, ON M5A 3N7"
Business Analyst,WilsonHCG,"Hybrid work in Toronto, ON"
database analyst,SHIRAH,"Calgary, AB T2P 3E8"
Business Data Analyst,Healthcare of Ontario Pension Plan (HOOPP),"Toronto, ON"
Business Analyst ( Process Flow BA),PRIMESOFT INC,"Hybrid work in Toronto, ON M8V 1K2"
"Analyst, Revenue Management",GWL Realty Advisors,"Toronto, ON M5E 1G4"
Business Systems Analyst,Richards Packaging Inc.,"Mississauga, ON"
Business Analyst,Creative Door Services,"Edmonton, AB T5V 1R9"
Senior Business Analyst,Scotiabank,"Hybrid work in Toronto, ON M5H 1H1"
computer systems analyst,Pranav Kumar Banala,"Brampton, ON"
"Analyst, Asset Management (Remote)",Mini Mall Storage Properties,"Remote in Toronto, ON M5H 2S6"
Senior Business System Analyst,Royal Bank of Canada,"Hybrid work in Toronto, ON M9W 0A4"
"Manager, BI Dashboard & Reporting",Stantec,"Edmonton, AB T5K 0Z7"
Senior Marketing Analyst,NP Digital,Remote in Canada
Summer Co-op: Business Insights Analyst- Sales & Marketing,Allstate,Remote in Ontario
Automation Analyst,Equinix,"Hybrid work in Toronto, ON M5J 2N1"
database analyst,Visual Mood Ltd.,"Markham, ON L3R 9V1"
