Location,Count
"Toronto, ON",33
Remote,19
"Vancouver, BC",9
"Mississauga, ON",7
"Calgary, AB",6
"Montréal, QC",6
"Waterloo, ON",3
"Brampton, ON",3
"Saint John, NB",3
Unknown,3
"Saskatoon, SK",2
"Winnipeg, MB",2
"Calgary, AB T2E 7H7",2
"Montréal, QC H3B 4C9",2
"Vancouver, BC V6B 0B9",2
"Quebec City, QC",2
"Oakville, ON",2
"New Westminster, BC",2
"Markham, ON",2
"Toronto, ON M8X 1C4",2
Canada,2
"Mississauga, ON L4W 4P4",1
"Etobicoke, ON",1
"Newmarket, ON",1
"Brampton, ON L6T 5K5",1
Tier One Analytics (Canada) Inc,1
"Leamington, ON",1
"Waterloo, ON N2J 4P9",1
PSA Halifax,1
"Cobourg, ON",1
"Leamington, ON N8H 5H7",1
Pengcorp Ltd.,1
Aplin,1
Confidential,1
Powerex,1
"New Westminster, BC V3L 3B9",1
"Toronto, ON M5V 1R5",1
"Victoria, BC V8W 9T5",1
"Vancouver, BC V6G 2V3",1
"Edmonton, AB T5J 3B1",1
"Newmarket, ON L3Y 2P9",1
"Burnaby, BC V5C 6C6",1
"Montréal, QC H3G 2W4",1
"Waterloo, ON N2K 2K6",1
"Abbotsford, BC V2T 4S6",1
"Toronto, ON M5J 2N7",1
"Ottawa, ON",1
"Aurora, ON",1
"Kincardine, ON",1
"Vancouver, BC V5Y 1L3",1
"Calgary, AB T2Y 4J8",1
"Sarnia, ON N7T 7W5",1
"Woodbridge, ON",1
"Toronto, ON M5G 1E6",1
"Dieppe, NB",1
"Burlington, ON L7L 6W6",1
"Thunder Bay, ON P7E 6S3",1
"Edmonton, AB T6G 2B7",1
"Edmonton International Airport, AB",1
"Brampton, ON L6T 4Y9",1
"Mississauga, ON L5R 0B8",1
"Gloucester, ON K1J 9L3",1
"Tottenham, ON",1
"Engineer, BC",1
"Dorval, QC H4S 2A3",1
"Toronto, ON M5J 2W4",1
"Edmonton, AB",1
"Halifax, NS B2W 3E6",1
"Dartmouth, NS",1
"Mississauga, ON L5R 3G5",1
"Mississauga, ON L4T 3X2",1
"Saskatoon, SK S7N 4L8",1
"Surrey, BC V3V 1Z2",1
"Cambridge, ON",1
"Hamilton, ON L8R 1A2",1
"Banff, AB",1
"Richmond, BC V7C 4R9",1
"Regina, SK",1
"Mississauga, ON L4T 1G3",1
"Mississauga, ON L5H 1G1",1
"Richmond, BC V6V 3A4",1
"Richmond Hill, ON L4B 4W5",1
"Toronto, ON M5L 1E2",1
"Ayr, ON",1
"Toronto, ON M5H 2K1",1
"Burnaby, BC",1
"Vancouver, BC V6A 4C1",1
"Scarborough, ON M1L 2H6",1
"Toronto, ON M5V 3G6",1
"Surrey, BC V3W 1N6",1
"Toronto, ON M5V 2H2",1
"Breslau, ON N0B 1M0",1
"Calgary, AB T2N 4N1",1
"Edmonton, AB T5J 0N3",1
"Vancouver, BC V6C 1S4",1
"Winnipeg, MB R3E 2T4",1
"Toronto, ON M8V 1K2",1
"Edmonton, AB T5V 1R9",1
"Toronto, ON M5H 1H1",1
